{"maj": 0.68061604202645798, "min": 0.47623219041913128, "min7": NaN, "7": 0.70210982606771499, "N": NaN, "maj7": NaN, "sus4": NaN, "maj6": NaN, "min6": NaN, "sus2": NaN, "dim": NaN, "aug": NaN, "hdim7": NaN, "dim7": NaN}