{"maj": 0.73701548295115804, "min": 0.32534444339095198, "min7": NaN, "7": 0.57772094408725216, "N": 0.0, "maj7": NaN, "sus4": NaN, "maj6": NaN, "min6": NaN, "sus2": NaN, "dim": NaN, "aug": NaN, "hdim7": NaN, "dim7": NaN}