{"tetrads_inv": 0.58223626563373709, "triads": 0.75449514343744473, "thirds": 0.77263833371357238, "triads_inv": 0.72874274955374041, "sevenths_inv": 0.60874239271537289, "tetrads": 0.60026338823049963, "thirds_inv": 0.7459493940317854, "sevenths": 0.6293704493250396, "mirex": 0.75861704023930099, "root": 0.80842208985190422, "majmin": 0.78103061939460128, "majmin_inv": 0.75263525126733388}