{"tetrads_inv": 0.52264204805822723, "triads": 0.68483565222465825, "thirds": 0.71374532654293787, "triads_inv": 0.65933664357129795, "sevenths_inv": 0.54303131881755995, "tetrads": 0.54328007649204335, "thirds_inv": 0.68543002242972106, "sevenths": 0.56619795493776159, "mirex": 0.70414591895718526, "root": 0.75704192379181456, "majmin": 0.70450208729428854, "majmin_inv": 0.6770067592841752}