{"tetrads_inv": 0.5559537913598851, "triads": 0.75053225377124988, "thirds": 0.77881989605440205, "triads_inv": 0.72368540249529711, "sevenths_inv": 0.57765276690764833, "tetrads": 0.57640092738903081, "thirds_inv": 0.75091397631289902, "sevenths": 0.60084059358377118, "mirex": 0.76668334866228427, "root": 0.81492144901914365, "majmin": 0.77355580560544768, "majmin_inv": 0.7443540091088231}