{"tetrads_inv": 0.55592070260863358, "triads": 0.69941304137203564, "thirds": 0.71540914403655298, "triads_inv": 0.67694957150630164, "sevenths_inv": 0.58233481457619996, "tetrads": 0.57231376005687939, "thirds_inv": 0.69192315660236514, "sevenths": 0.60108611131988232, "mirex": 0.69361019896647125, "root": 0.76514934163680515, "majmin": 0.72544063004824089, "majmin_inv": 0.70059221418138917}