{"tetrads_inv": 0.55347646373566484, "triads": 0.75364664584429064, "thirds": 0.78079088495580695, "triads_inv": 0.72752698345180233, "sevenths_inv": 0.57448791630440066, "tetrads": 0.57336723874820461, "thirds_inv": 0.75326540917236362, "sevenths": 0.59703491654909091, "mirex": 0.7692039151140041, "root": 0.81412892601654541, "majmin": 0.77605550894234743, "majmin_inv": 0.74768841640143702}