{"tetrads_inv": 0.52930408720604516, "triads": 0.68905250974531362, "thirds": 0.71737490097112977, "triads_inv": 0.66349875143518555, "sevenths_inv": 0.55078493762244685, "tetrads": 0.55034435509710111, "thirds_inv": 0.6879598784721157, "sevenths": 0.57434970290355025, "mirex": 0.71093833933854789, "root": 0.76074263575654766, "majmin": 0.70850020387577339, "majmin_inv": 0.68086154548422684}