{"tetrads_inv": 0.62475239362153634, "triads": 0.79841316747332303, "thirds": 0.81863757018838712, "triads_inv": 0.77346059267716383, "sevenths_inv": 0.64972141543201223, "tetrads": 0.64234235944510276, "thirds_inv": 0.79272263433734513, "sevenths": 0.66963705204843293, "mirex": 0.80175892795025827, "root": 0.849078132190351, "majmin": 0.82270269069250268, "majmin_inv": 0.79530050336142388}