{"tetrads_inv": 0.56466051107936699, "triads": 0.73993993096467936, "thirds": 0.75638513493389481, "triads_inv": 0.7143415119320381, "sevenths_inv": 0.58944086497606096, "tetrads": 0.58238734597679065, "thirds_inv": 0.72971535131807297, "sevenths": 0.60978047842361771, "mirex": 0.74377898878044024, "root": 0.7923163450059133, "majmin": 0.76522867915657178, "majmin_inv": 0.73716464284957284}