{"tetrads_inv": 0.49175102314033436, "triads": 0.6193961049926302, "thirds": 0.63868669181081728, "triads_inv": 0.60014255975226993, "sevenths_inv": 0.51426463578202963, "tetrads": 0.50663625499745468, "thirds_inv": 0.61872263677480654, "sevenths": 0.53125629408057173, "mirex": 0.61694786638469401, "root": 0.66120053966085557, "majmin": 0.64233215128609344, "majmin_inv": 0.6210580288754739}