{"tetrads_inv": 0.55602649293852824, "triads": 0.75094817943953918, "thirds": 0.77928093616902516, "triads_inv": 0.72405176604873633, "sevenths_inv": 0.57772805228720014, "tetrads": 0.57648130604022452, "thirds_inv": 0.75132545431267206, "sevenths": 0.60091132791589763, "mirex": 0.767018627139335, "root": 0.81518805742417588, "majmin": 0.77404381510478015, "majmin_inv": 0.74479009632018378}