{"tetrads_inv": 0.52720626766586098, "triads": 0.69014277573756388, "thirds": 0.71709643249218813, "triads_inv": 0.66436329922332504, "sevenths_inv": 0.54823139698230317, "tetrads": 0.54774488382493147, "thirds_inv": 0.68845903417677889, "sevenths": 0.57132854701922109, "mirex": 0.70989480017515116, "root": 0.76066918424052166, "majmin": 0.71026143549342946, "majmin_inv": 0.68237964348265634}