{"tetrads_inv": 0.52842842348951169, "triads": 0.68899862361317366, "thirds": 0.71694618362828766, "triads_inv": 0.66299095046961476, "sevenths_inv": 0.55007215741625815, "tetrads": 0.54996752491556, "thirds_inv": 0.68713425850563314, "sevenths": 0.57415425475693438, "mirex": 0.71079234871356711, "root": 0.76053979518212755, "majmin": 0.70867857101938447, "majmin_inv": 0.68051050981143946}