{"tetrads_inv": 0.55272685593364157, "triads": 0.68685781707724802, "thirds": 0.70348908192969328, "triads_inv": 0.66274731391196817, "sevenths_inv": 0.58018105226946903, "tetrads": 0.56963421478378773, "thirds_inv": 0.6769423536096153, "sevenths": 0.59958014346452038, "mirex": 0.68869632941498182, "root": 0.74842305802776987, "majmin": 0.71314270999608431, "majmin_inv": 0.68653900412424684}