{"tetrads_inv": 0.55338207191505562, "triads": 0.75352844429075427, "thirds": 0.78067268340227047, "triads_inv": 0.727373874788528, "sevenths_inv": 0.57439890011040273, "tetrads": 0.5732555738326246, "thirds_inv": 0.75311230050908939, "sevenths": 0.59691014636541662, "mirex": 0.76914266979221102, "root": 0.8140230873977079, "majmin": 0.77593460693693939, "majmin_inv": 0.7475307145246799}