{"tetrads_inv": 0.57407940349797304, "triads": 0.70121346756623903, "thirds": 0.71635031449941633, "triads_inv": 0.67897340291763175, "sevenths_inv": 0.60110338640544148, "tetrads": 0.58967841683668154, "thirds_inv": 0.69244729411835959, "sevenths": 0.61899546313289922, "mirex": 0.70243400703711556, "root": 0.75562906847814459, "majmin": 0.72716645749075204, "majmin_inv": 0.70267351833482816}