{"tetrads_inv": 0.55439325945450246, "triads": 0.68995775520906955, "thirds": 0.70402725144084011, "triads_inv": 0.66677913185663684, "sevenths_inv": 0.58062333019890566, "tetrads": 0.57135769750634124, "thirds_inv": 0.68020270891834966, "sevenths": 0.60002692098036703, "mirex": 0.68780287161161435, "root": 0.74977041721727422, "majmin": 0.71593874168540517, "majmin_inv": 0.69030591723223589}