{"tetrads_inv": 0.32592343925366768, "triads": 0.46974406770894295, "thirds": 0.51293569593205668, "triads_inv": 0.46506668952047109, "sevenths_inv": 0.33871766759409161, "tetrads": 0.3286916512605188, "thirds_inv": 0.50784196897586387, "sevenths": 0.34158785293427396, "mirex": 0.48159520796176403, "root": 0.67956021333179706, "majmin": 0.48436836037035874, "majmin_inv": 0.47934000207209726}
