{"maj": 0.63361131271655391, "min": 0.52327204402126037, "min7": 0.17290867780320895, "7": 0.18000541623479049, "N": 0.73319718529738587, "maj7": 0.29797936726372548, "sus4": 0.047923847037584066, "maj6": 0.076681445768396944, "min6": 0.0, "sus2": 0.0, "dim": 0.19280830360883539, "aug": 0.023097726722483176, "hdim7": 0.047217763509897981, "dim7": 0.0}