{"maj": 0.63359277638416855, "min": 0.53974793237054197, "min7": 0.17706282248107769, "7": 0.18360852648392378, "N": 0.76239074385201511, "maj7": 0.4149605742029836, "sus4": 0.07511240642195792, "maj6": 0.33385912669463574, "min6": 0.0, "sus2": 0.0, "dim": 0.18103928883652431, "aug": 0.015362738646425742, "hdim7": 0.058560727661851074, "dim7": 0.0}