{"maj": 0.64304985361000278, "min": 0.55485380755788127, "min7": 0.22917015115566919, "7": 0.18431883645763122, "N": 0.7245591491932637, "maj7": 0.24187076651978162, "sus4": 0.069184840178746931, "maj6": 0.06751290076992042, "min6": 0.0, "sus2": 0.0, "dim": 0.23409012197719803, "aug": 0.068058772029508524, "hdim7": 0.058560727661851074, "dim7": 0.0}