{"maj": 0.56636701679953227, "min": 0.53522520318488376, "min7": 0.19948075409090435, "7": 0.37305180007448813, "N": 0.73206691325497553, "maj7": 0.38589827691929124, "sus4": 0.22332533672689545, "maj6": 0.086810150694654392, "min6": 0.0053571264964858631, "sus2": 0.1090475379110581, "dim": 0.2863163049745262, "aug": 0.32464232097815982, "hdim7": 0.25865315920907012, "dim7": 0.0}