{"maj": 0.57115069204860724, "min": 0.55194474011717742, "min7": 0.18743334441041143, "7": 0.33496279034090654, "N": 0.73147423443057979, "maj7": 0.45903631384480964, "sus4": 0.20876433752946355, "maj6": 0.065724589569945896, "min6": 0.0, "sus2": 0.27477707729880152, "dim": 0.33576081724409051, "aug": 0.36919177267279241, "hdim7": 0.26104080807098273, "dim7": 0.0}