{"maj": 0.61424145156579291, "min": 0.5696589634994379, "min7": 0.17691763102423944, "7": 0.29842137689684106, "N": 0.66688835397437851, "maj7": 0.25154419750075269, "sus4": 0.12903547678225216, "maj6": 0.19480445258423201, "min6": 0.0, "sus2": 0.0, "dim": 0.26590891923106852, "aug": 0.16212294683064066, "hdim7": 0.29506044786330621, "dim7": 0.0}