{"maj": 0.57163492392007875, "min": 0.55306891227843036, "min7": 0.1867542114750862, "7": 0.33517249587786213, "N": 0.73181440484509552, "maj7": 0.45903631384480964, "sus4": 0.21287673747519684, "maj6": 0.065724589569945896, "min6": 0.0, "sus2": 0.27477707729880152, "dim": 0.33576081724409051, "aug": 0.36919177267279241, "hdim7": 0.26104080807098273, "dim7": 0.0}