{"maj": 0.53636226730037739, "min": 0.5207770131279591, "min7": 0.30153985550860518, "7": 0.22379393080438797, "N": 0.83357205351700592, "maj7": 0.31274387742545456, "sus4": 0.10206944078177332, "maj6": 0.41558116296774139, "min6": 0.0, "sus2": 0.0, "dim": 0.29639480827448045, "aug": 0.11316467750836059, "hdim7": 0.0, "dim7": 0.0}