{"maj": 0.58408040324996935, "min": 0.60984938606231798, "min7": 0.19951155516073338, "7": 0.42080571351839402, "N": 0.69864151199650415, "maj7": 0.54933285661514064, "sus4": 0.18848861450202295, "maj6": 0.2048329599034, "min6": 0.054556651104986913, "sus2": 0.0, "dim": 0.31757012013751007, "aug": 0.3133861811484091, "hdim7": 0.34715615555174534, "dim7": 0.0}