{"maj": 0.56350870318624491, "min": 0.52614500254829, "min7": 0.19524970121211466, "7": 0.37157870015308408, "N": 0.73153986286389039, "maj7": 0.34814031271666124, "sus4": 0.24407387830877039, "maj6": 0.096165271063869809, "min6": 0.0053571264964858631, "sus2": 0.1090475379110581, "dim": 0.31757012013751007, "aug": 0.29186541601400834, "hdim7": 0.25865315920907012, "dim7": 0.0}