{"maj": 0.58088201926633531, "min": 0.61623441577246885, "min7": 0.20917187507008328, "7": 0.39503417483264686, "N": 0.6959296053099302, "maj7": 0.54933285661514064, "sus4": 0.22001453674200402, "maj6": 0.2048329599034, "min6": 0.081384811060244228, "sus2": 0.22314988356903506, "dim": 0.3483355944385722, "aug": 0.33804508257944998, "hdim7": 0.34715615555174534, "dim7": 0.0}