{"maj": 0.63492819635528286, "min": 0.59171956580805729, "min7": 0.15797267676497689, "7": 0.35640243226156937, "N": 0.67493204450930699, "maj7": 0.31277466601616077, "sus4": 0.11013095398654309, "maj6": 0.17293539094659516, "min6": 0.0, "sus2": 0.0, "dim": 0.19536995391167897, "aug": 0.12486181689789939, "hdim7": 0.11856463346390583, "dim7": 0.0}