{"maj": 0.75160709878820076, "min": 0.71747038712134015, "min7": 0.64620312267174873, "7": 0.72444599295339873, "N": 0.0, "maj7": 0.9021633993130781, "sus4": 0.40874868689944582, "maj6": 0.77792700769114398, "min6": 0.33694985558783225, "sus2": 0.38659782098394618, "dim": 0.31686202588772361, "aug": 0.52963223282863481, "hdim7": 0.72028701524108851, "dim7": 0.67999577425702118}