{"maj": 0.80688119177469997, "min": 0.81161027238479222, "min7": 0.78096705802544286, "7": 0.75217222254566507, "N": 0.0, "maj7": 0.92608733939573695, "sus4": 0.42686605605537992, "maj6": 0.80398716026946848, "min6": 0.35532914405982108, "sus2": 0.23110174258472213, "dim": 0.3483355944385722, "aug": 0.61622612158495038, "hdim7": 0.84577919998133422, "dim7": 0.68773882702093159}