{"maj": 0.75740324892150468, "min": 0.65199463944625058, "min7": 0.66703797366892448, "7": 0.64324993403434028, "N": 0.0, "maj7": 0.81042708807248665, "sus4": 0.15853301817495269, "maj6": 0.82662412464435953, "min6": 0.44819028568720098, "sus2": 0.0, "dim": 0.24798069691851485, "aug": 0.026647964306261224, "hdim7": 0.54196712929319135, "dim7": 0.53097243767232383}