{"maj": 0.75084347768503357, "min": 0.72369099068569731, "min7": 0.6655961676836325, "7": 0.69691377055948778, "N": 0.0, "maj7": 0.92203860639277035, "sus4": 0.39622368923394552, "maj6": 0.86318435544755534, "min6": 0.4179931257672066, "sus2": 0.27477707729880152, "dim": 0.37896688234359077, "aug": 0.64070767434257647, "hdim7": 0.77532172451164161, "dim7": 0.6818607078540817}