{"maj": 0.75082292692539043, "min": 0.72188620045134033, "min7": 0.66330879726340808, "7": 0.69534714779489704, "N": 0.0, "maj7": 0.92203860639277035, "sus4": 0.38909257796687258, "maj6": 0.86318435544755534, "min6": 0.4179931257672066, "sus2": 0.27477707729880152, "dim": 0.37896688234359077, "aug": 0.64084044508937388, "hdim7": 0.77532172451164161, "dim7": 0.67999577425702118}