{"maj": 0.8069272287644903, "min": 0.8043542421278026, "min7": 0.78249681585097153, "7": 0.75229815300722613, "N": 0.0, "maj7": 0.92608733939573695, "sus4": 0.42686605605537992, "maj6": 0.80398716026946848, "min6": 0.35532914405982108, "sus2": 0.23110174258472213, "dim": 0.3483355944385722, "aug": 0.60072711419529312, "hdim7": 0.84577919998133422, "dim7": 0.72947104001341478}