{"maj": 0.76055113073338465, "min": 0.62843813310551988, "min7": 0.66567765314611294, "7": 0.65262363986432781, "N": 0.0, "maj7": 0.90212933330274381, "sus4": 0.19810018319388797, "maj6": 0.8356445787687321, "min6": 0.46687558250252142, "sus2": 0.11006985857897428, "dim": 0.26157870843695269, "aug": 0.027565644842186331, "hdim7": 0.49438587372686205, "dim7": 0.3326467471005502}