{"maj": 0.81140275293464914, "min": 0.7489778810876786, "min7": 0.77377713248445923, "7": 0.73304543450464121, "N": 0.0, "maj7": 0.87108538347644715, "sus4": 0.3270404718700578, "maj6": 0.96287713635101535, "min6": 0.5115448894009571, "sus2": 0.0079518590156870579, "dim": 0.33288676654433103, "aug": 0.13405773906928009, "hdim7": 0.76260589311417892, "dim7": 0.62604725144618811}