{"maj": 0.79397005075426796, "min": 0.73323938541326306, "min7": 0.78794247335058554, "7": 0.69250344545814313, "N": 0.0, "maj7": 0.82704129005631688, "sus4": 0.320478788066279, "maj6": 0.96669333567969673, "min6": 0.51701815443420929, "sus2": 0.22386740854673662, "dim": 0.40342573186372055, "aug": 0.18284444818398166, "hdim7": 0.79432619230003976, "dim7": 0.53873287524427416}