{"maj": 0.74595336067326456, "min": 0.7132484589005339, "min7": 0.65153224864528281, "7": 0.72143921708052539, "N": 0.0, "maj7": 0.89385499120407186, "sus4": 0.43380846727118888, "maj6": 0.76900670880104049, "min6": 0.32644066006841022, "sus2": 0.38659782098394618, "dim": 0.34811584105070748, "aug": 0.51631640577722315, "hdim7": 0.71900290609181072, "dim7": 0.67999577425702118}