{"maj": 0.66329082755076352, "min": 0.62970929102838313, "min7": 0.67914554148676776, "7": 0.56770041706103824, "N": 0.0, "maj7": 0.90014425691684219, "sus4": 0.21888664500444097, "maj6": 0.84613321327632796, "min6": 0.31514996436982634, "sus2": 0.25192433600345027, "dim": 0.29639480827448045, "aug": 0.14447796082245526, "hdim7": 0.56429708091167896, "dim7": 0.34403890093683814}