{"maj": 0.80040154660420937, "min": 0.8059874212506698, "min7": 0.77659309488488881, "7": 0.77037852366225701, "N": 0.0, "maj7": 0.9205428054980539, "sus4": 0.3841854883571425, "maj6": 0.82730721148904962, "min6": 0.3975297875173246, "sus2": 0.25192433600345027, "dim": 0.42239777434937509, "aug": 0.51496923226715308, "hdim7": 0.84811700324719674, "dim7": 0.68960376061799222}