{"maj": 0.84388779048327478, "min": 0.82013662557363132, "min7": 0.78675935634952676, "7": 0.79522767348460555, "N": 0.0, "maj7": 0.91529854017820544, "sus4": 0.4420574796943697, "maj6": 0.92465897854942902, "min6": 0.35907937148152275, "sus2": 0.0, "dim": 0.41010170871641421, "aug": 0.41718094035040687, "hdim7": 0.68898791334994613, "dim7": 0.65733361806798396}