{"maj": 0.75045147761382314, "min": 0.66720721098058977, "min7": 0.67302147692568648, "7": 0.69594764752257587, "N": 0.0, "maj7": 0.90116075062237133, "sus4": 0.19785003253711353, "maj6": 0.79946754031056277, "min6": 0.45678940589639011, "sus2": 0.11802171759466133, "dim": 0.18103928883652431, "aug": 0.015362738646425742, "hdim7": 0.7308855939283172, "dim7": 0.32247526015188416}