{"maj": 0.80041846444555964, "min": 0.79999194557085229, "min7": 0.77680034588800062, "7": 0.77037852366225701, "N": 0.0, "maj7": 0.9205428054980539, "sus4": 0.3841854883571425, "maj6": 0.82730721148904962, "min6": 0.42042549123627282, "sus2": 0.25192433600345027, "dim": 0.42239777434937509, "aug": 0.50651522823643103, "hdim7": 0.84811700324719674, "dim7": 0.68960376061799222}