{"maj": 0.75766379493498603, "min": 0.68542103628126672, "min7": 0.67566762032125971, "7": 0.67121186990427961, "N": 0.0, "maj7": 0.81804763393815849, "sus4": 0.20609447688105345, "maj6": 0.80658720491637959, "min6": 0.41906791567350238, "sus2": 0.0, "dim": 0.33891777618906305, "aug": 0.086492643684897924, "hdim7": 0.74255851591066502, "dim7": 0.54960869312417682}