{"maj": 0.6613707307754505, "min": 0.59831807079462962, "min7": 0.27418786511500526, "7": 0.24717304232904258, "N": 0.7245591491932637, "maj7": 0.24187076651978162, "sus4": 0.069184840178746931, "maj6": 0.06751290076992042, "min6": 0.0, "sus2": 0.0, "dim": 0.23409012197719803, "aug": 0.068058772029508524, "hdim7": 0.058560727661851074, "dim7": 0.0}