{"maj": 0.65351352326356571, "min": 0.57970587779332905, "min7": 0.22662280583885983, "7": 0.24659206828340174, "N": 0.73319718529738587, "maj7": 0.29797936726372548, "sus4": 0.047923847037584066, "maj6": 0.076681445768396944, "min6": 0.0, "sus2": 0.0, "dim": 0.19280830360883539, "aug": 0.023097726722483176, "hdim7": 0.047217763509897981, "dim7": 0.0}