{"maj": 0.55392770804083957, "min": 0.56228411684989277, "min7": 0.33670465147503464, "7": 0.30413589069058872, "N": 0.83357205351700592, "maj7": 0.31274387742545456, "sus4": 0.10206944078177332, "maj6": 0.41558116296774139, "min6": 0.0, "sus2": 0.0, "dim": 0.29639480827448045, "aug": 0.11316467750836059, "hdim7": 0.0, "dim7": 0.0}