{"maj": 0.65515619818495607, "min": 0.63699915727064271, "min7": 0.17555367054530854, "7": 0.43973758324650003, "N": 0.67493204450930699, "maj7": 0.32717141239351383, "sus4": 0.11013095398654309, "maj6": 0.17293539094659516, "min6": 0.0, "sus2": 0.0, "dim": 0.19536995391167897, "aug": 0.12486181689789939, "hdim7": 0.11856463346390583, "dim7": 0.0}