{"maj": 0.67196800767186871, "min": 0.53087169955595748, "min7": 0.16333484905104192, "7": 0.26095523540236537, "N": 0.7486857556116937, "maj7": 0.32288505223406738, "sus4": 0.068274393422104188, "maj6": 0.05391989639775574, "min6": 0.0, "sus2": 0.0, "dim": 0.26157870843695269, "aug": 0.023777821184706956, "hdim7": 0.058560727661851074, "dim7": 0.0}