{"maj": 0.68226533254087995, "min": 0.71422555854770498, "min7": 0.26554718394476395, "7": 0.47219188777688192, "N": 0.70125839099697451, "maj7": 0.37554605589628903, "sus4": 0.2528099952920484, "maj6": 0.40140612301210921, "min6": 0.023206766295290858, "sus2": 0.0, "dim": 0.36044644781422869, "aug": 0.25696011678106861, "hdim7": 0.16480432848776519, "dim7": 0.0}