{"maj": 0.65337937127638479, "min": 0.58959854731751071, "min7": 0.17847306393681078, "7": 0.2450612343833051, "N": 0.76239074385201511, "maj7": 0.4149605742029836, "sus4": 0.07511240642195792, "maj6": 0.33385912669463574, "min6": 0.0, "sus2": 0.0, "dim": 0.18103928883652431, "aug": 0.015362738646425742, "hdim7": 0.058560727661851074, "dim7": 0.0}