{"maj": 0.63289330003555244, "min": 0.62268364592704517, "min7": 0.18164618775722943, "7": 0.37719922656672589, "N": 0.66688835397437851, "maj7": 0.26594094387810574, "sus4": 0.12903547678225216, "maj6": 0.19480445258423201, "min6": 0.043505701796784625, "sus2": 0.0, "dim": 0.26590891923106852, "aug": 0.16212294683064066, "hdim7": 0.29506044786330621, "dim7": 0.0}